bond_id,issuer,evaluation_date,maturity_date,coupon_rate,clean_price,accrued_interest,dirty_price,ytm,spread_to_curve,modified_duration,convexity,model_dirty_price
GE_1994_650,GE,1991-03-14,1994-03-01,0.065,100.11,0.2296195652173913,100.33961956521739,0.0645532975392416,-0.007051692917011677,2.6536670837980343,8.67263904737019,100.33961956838976
GE_1998_725,GE,1991-03-14,1998-11-15,0.0725,99.74,2.383287292817679,102.12328729281768,0.07289502356667073,-0.005841388301923871,5.672023169801834,40.92555683267718,102.12328728694598
IBM_1993_625,IBM,1991-03-14,1993-06-15,0.0625,100.42,1.5281593406593406,101.94815934065934,0.06040945566492155,-0.009434127220883964,2.047569190136246,5.375387707668756,101.9481593337597
IBM_1996_700,IBM,1991-03-14,1996-09-15,0.07,101.18,3.480662983425415,104.66066298342542,0.0673244278074708,-0.00946843582903966,4.368741076524778,23.948955865862057,104.66066298276405
JNJ_1995_675,JNJ,1991-03-14,1995-08-01,0.0675,100.67,0.7645027624309393,101.43450276243094,0.06574014774523673,-0.008968175658956166,3.7189482369754057,16.82574466286618,101.43450276758898
JNJ_2000_740,JNJ,1991-03-14,2000-05-15,0.074,99.92,2.432596685082873,102.35259668508287,0.07408869594510178,-0.005196395535022019,6.4203395803299355,53.618616859028,102.35259669408237
XOM_1997_710,XOM,1991-03-14,1997-02-15,0.071,100.23,0.5295580110497238,100.75955801104973,0.07048726539709607,-0.006753822225145995,4.7488875028291,27.625422889314105,100.75955800999813
XOM_2001_760,XOM,1991-03-14,2001-12-01,0.076,99.35,2.1505494505494505,101.50054945054944,0.07686435905750841,-0.0015464462945237747,7.079662861887551,66.81575202744266,101.50054945474665
