bond_id,issuer,ticker,evaluation_date,maturity_date,coupon_rate,clean_price,rating,sector,seniority,currency,coupon_frequency,face_value
IBM_1993_625,IBM,IBM,1991-03-14,1993-06-15,0.0625,100.42,AA,Technology,Senior Unsecured,USD,2,100
IBM_1996_700,IBM,IBM,1991-03-14,1996-09-15,0.0700,101.18,AA,Technology,Senior Unsecured,USD,2,100
GE_1994_650,GE,GE,1991-03-14,1994-03-01,0.0650,100.11,AA,Industrials,Senior Unsecured,USD,2,100
GE_1998_725,GE,GE,1991-03-14,1998-11-15,0.0725,99.74,AA,Industrials,Senior Unsecured,USD,2,100
JNJ_1995_675,JNJ,JNJ,1991-03-14,1995-08-01,0.0675,100.67,AAA,Healthcare,Senior Unsecured,USD,2,100
JNJ_2000_740,JNJ,JNJ,1991-03-14,2000-05-15,0.0740,99.92,AAA,Healthcare,Senior Unsecured,USD,2,100
XOM_1997_710,XOM,XOM,1991-03-14,1997-02-15,0.0710,100.23,AA,Energy,Senior Unsecured,USD,2,100
XOM_2001_760,XOM,XOM,1991-03-14,2001-12-01,0.0760,99.35,AA,Energy,Senior Unsecured,USD,2,100
