bond_id,issuer,evaluation_date,maturity_date,coupon_rate,clean_price,accrued_interest,dirty_price,ytm,spread_to_curve,modified_duration,convexity,model_dirty_price,ticker,rating,sector,seniority,currency,coupon_frequency,face_value,fair_spread,comp_count,comp_support_score,comp_ids,fair_model_dirty_price,price_residual,spread_residual_bps,review_flag,review_reason
GE_1994_650,GE,1991-03-14,1994-03-01,0.065,100.11,0.2296195652173913,100.3396195652174,0.0645532975392416,-0.0070516929170116,2.6536670837980343,8.67263904737019,100.33961956838976,GE,AA,Industrials,Senior Unsecured,USD,2,100,-0.007133629167749592,3,3.2761227030743907,"GE_1998_725, IBM_1993_625, XOM_1997_710",100.36229260147921,-0.022673036261807056,0.8193625073799147,Normal,within tolerance
GE_1998_725,GE,1991-03-14,1998-11-15,0.0725,99.74,2.383287292817679,102.12328729281768,0.0728950235666707,-0.0058413883019238,5.672023169801834,40.92555683267718,102.12328728694598,GE,AA,Industrials,Senior Unsecured,USD,2,100,-0.007367318549812117,3,3.1009568258097,"GE_1994_650, XOM_1997_710, IBM_1996_700",103.04689574931535,-0.923608456497675,15.259302478883175,Review,moderate spread residual; moderate price residual
IBM_1993_625,IBM,1991-03-14,1993-06-15,0.0625,100.42,1.5281593406593406,101.94815934065934,0.0604094556649215,-0.0094341272208839,2.047569190136246,5.375387707668756,101.9481593337597,IBM,AA,Technology,Senior Unsecured,USD,2,100,-0.0087015856016322,3,3.338002512449275,"IBM_1996_700, GE_1994_650, JNJ_1995_675",101.78936160046834,0.15879774019100523,-7.325416192517,Normal,within tolerance
IBM_1996_700,IBM,1991-03-14,1996-09-15,0.07,101.18,3.480662983425415,104.66066298342542,0.0673244278074708,-0.0094684358290396,4.368741076524778,23.948955865862057,104.66066298276404,IBM,AA,Technology,Senior Unsecured,USD,2,100,-0.00816465067115391,3,3.789176925239309,"IBM_1993_625, XOM_1997_710, GE_1998_725",104.04209058454694,0.6185723988784844,-13.037851578856907,Review,moderate spread residual; moderate price residual
JNJ_1995_675,JNJ,1991-03-14,1995-08-01,0.0675,100.67,0.7645027624309393,101.43450276243094,0.0657401477452367,-0.0089681756589561,3.7189482369754057,16.82574466286618,101.43450276758898,JNJ,AAA,Healthcare,Senior Unsecured,USD,2,100,-0.006307804045005589,3,2.0676238542865186,"JNJ_2000_740, IBM_1996_700, GE_1994_650",100.39711501909196,1.0373877433389822,-26.60371613950511,High Review,large spread residual; large price residual
JNJ_2000_740,JNJ,1991-03-14,2000-05-15,0.074,99.92,2.432596685082873,102.35259668508289,0.0740886959451017,-0.005196395535022,6.420339580329936,53.618616859028,102.35259669408237,JNJ,AAA,Healthcare,Senior Unsecured,USD,2,100,-0.008224930042599155,3,1.7711968263372624,"JNJ_1995_675, GE_1998_725, XOM_2001_760",104.4462328867892,-2.0936362017063175,30.285345075771552,High Review,large spread residual; large price residual
XOM_1997_710,XOM,1991-03-14,1997-02-15,0.071,100.23,0.5295580110497238,100.75955801104972,0.070487265397096,-0.0067538222251459,4.7488875028291,27.625422889314105,100.75955800999812,XOM,AA,Energy,Senior Unsecured,USD,2,100,-0.005378681066688668,3,3.3030566275321553,"XOM_2001_760, IBM_1996_700, GE_1998_725",100.07855834942127,0.6809996616284479,-13.751411584572315,Review,moderate spread residual; moderate price residual
XOM_2001_760,XOM,1991-03-14,2001-12-01,0.076,99.35,2.1505494505494505,101.50054945054944,0.0768643590575084,-0.0015464462945237,7.079662861887551,66.81575202744266,101.50054945474665,XOM,AA,Energy,Senior Unsecured,USD,2,100,-0.006599280877731235,3,1.507742709480817,"XOM_1997_710, GE_1998_725, JNJ_2000_740",105.36074634029883,-3.860196889749389,50.52834583207535,High Review,large spread residual; large price residual
